START_POS:14,12
BLUE_CONF:1000,20|2000,30|3000,30|5000,20
RED_CONF:1000,30|2000,40|3000,20|5000,10
21,21
6,6,6,6,6,6,6,6,5,6,6,6,6,6,6,6,6,6,6,6,6
6,6,6,6,6,6,6,6,1,6,6,6,6,6,6,6,6,6,6,6,6
6,6,6,6,6,6,6,6,5,6,6,6,6,6,6,6,6,6,6,6,6
6,6,6,6,6,6,6,6,0,6,6,6,6,6,6,6,6,6,6,6,6
6,6,6,6,1,0,2,1,5,0,1,3,5,0,1,2,0,1,1,6,6
6,6,6,6,0,6,6,6,1,6,6,6,6,6,6,6,6,6,0,6,6
6,6,6,6,1,6,6,6,5,6,6,6,6,6,6,6,6,6,2,6,6
6,6,6,6,0,6,6,6,0,6,6,6,6,6,6,6,6,6,1,6,6
6,6,6,6,1,6,6,6,5,1,2,0,1,0,5,0,5,1,5,0,5
6,6,6,6,0,6,6,6,2,6,6,6,6,6,0,6,6,6,0,6,6
6,6,6,6,2,6,6,6,5,6,6,6,6,6,5,1,5,0,5,1,5
6,6,6,6,0,6,6,6,1,6,6,6,6,6,1,6,6,6,6,6,6
5,5,0,5,5,5,5,0,5,1,0,3,1,0,5,6,6,6,6,6,6
6,1,6,6,0,6,6,6,1,6,6,6,6,6,1,6,6,6,6,6,6
6,0,6,6,5,6,6,6,4,6,6,6,6,6,0,6,6,6,6,6,6
6,5,6,6,0,6,6,6,5,0,1,0,2,0,5,6,6,6,6,6,6
6,1,6,6,1,6,6,6,6,6,6,6,6,6,0,6,6,6,6,6,6
6,0,6,6,1,0,2,5,0,1,5,0,3,0,5,6,6,6,6,6,6
6,1,0,1,2,0,1,5,0,1,5,0,1,2,1,6,6,6,6,6,6
6,6,6,6,6,6,6,6,6,6,5,1,5,0,5,6,6,6,6,6,6
6,6,6,6,6,6,6,6,6,6,6,6,6,6,6,6,6,6,6,6,6
STATION:14,12:東京|八重洲地下街,5000,0.1|赤レンガ駅舎,10000,0.05|高級ホテル,15000,0.05|丸の内オフィス,20000,0.08
STATION:14,10:秋葉原|メイドカフェ,1000,0.2|PCパーツ屋,2000,0.15|巨大家電量販店,4000,0.1
STATION:14,8:上野|アメ横商店街,2000,0.15|国立美術館,3000,0.05|上野動物園,5000,0.1
STATION:8,8:池袋|豚骨ラーメン屋,500,0.2|サンシャイン,8000,0.08|巨大デパート,5000,0.1
STATION:8,10:高田馬場|学生街の雀荘,500,0.2|巨大大学キャンパス,5000,0.05
STATION:8,12:新宿|老舗デパート,6000,0.08|歌舞伎町ビル,10000,0.1|都庁ビル,20000,0.05
STATION:8,15:渋谷|ハチ公像,1000,0.05|スクランブル交差点,5000,0.1|ITベンチャー,8000,0.12
STATION:14,15:品川|アクアパーク,4000,0.1|新幹線改札,8000,0.1|高層ホテル群,10000,0.08
STATION:8,6:赤羽|センベロ居酒屋,500,0.3|巨大団地,3000,0.05
STATION:8,2:大宮|鉄道博物館,3000,0.1|大宮ソニックシティ,5000,0.08
STATION:8,0:宇都宮|宇都宮餃子店,800,0.25|巨大地下空間,2000,0.1
STATION:16,8:北千住|駅前商店街,1000,0.15
STATION:18,8:松戸(新松戸)|有名つけ麺店,800,0.2
STATION:20,8:柏|アパレルショップ,1500,0.1
STATION:16,10:錦糸町|有名サウナ,1500,0.15|駅前商業施設,4000,0.1
STATION:18,10:船橋(西船橋)|非公認キャラグッズ,800,0.2|ららぽーと,5000,0.08
STATION:20,10:千葉|落花生専門店,500,0.2|モノレール駅,2000,0.1
STATION:6,12:中野|サブカルショップ,1000,0.15|中野ブロードウェイ,3000,0.12
STATION:5,12:吉祥寺|スワンボート,1000,0.15|メンチカツ屋,300,0.25
STATION:4,12:西国分寺|武蔵野うどん店,300,0.2|都立公園,1000,0.1
STATION:3,12:立川|昭和記念公園,2000,0.1|モノレール駅,2000,0.1
STATION:1,12:八王子|八王子ラーメン屋,500,0.25|駅前映画館,3000,0.1|元巨大デパートのビル,5000,0.1
STATION:0,12:高尾|天狗の饅頭屋,300,0.2|高尾山ケーブルカー,1500,0.15
STATION:14,17:川崎|駅前シネコン,2000,0.1|巨大工場,4000,0.1
STATION:14,19:横浜|中華街,3000,0.15|みなとみらいタワー,10000,0.08
STATION:12,19:大船|大船観音,1000,0.1
STATION:10,19:鎌倉|鳩サブレ屋,500,0.2|鶴岡八幡宮,3000,0.1
STATION:8,4:武蔵浦和|お菓子工場,2000,0.1
STATION:12,4:越谷レイクタウン|超巨大ショッピングモール,5000,0.08
STATION:4,14:府中本町|巨大競馬場,3000,0.15
STATION:1,15:橋本|リニア建設予定地,5000,0.05
STATION:7,17:登戸|F先生のミュージアム,2000,0.1
STATION:10,17:武蔵小杉|タワーマンション,8000,0.08
STATION:7,18:町田|109ファッションビル,3000,0.1|古着屋,500,0.2
STATION:10,18:新横浜|ラーメン博物館,2000,0.15|巨大アリーナ,6000,0.1