START_POS:12,8
BLUE_CONF:1000,20|2000,30|3000,30|5000,20
RED_CONF:1000,30|2000,40|3000,20|5000,10
16,16
6,6,6,6,6,6,6,6,6,6,6,6,6,6,6,6
6,6,6,6,0,1,5,0,1,6,6,6,6,6,6,6
6,6,6,6,4,6,6,6,5,6,6,6,6,6,6,6
6,6,6,6,1,6,6,6,0,6,6,6,6,6,6,6
6,6,6,6,5,1,5,3,0,1,5,2,5,6,6,6
6,6,6,6,3,6,6,6,6,6,6,6,0,6,6,6
6,6,6,6,1,6,6,6,6,6,0,1,5,0,1,5
6,6,6,6,0,6,6,6,6,6,3,6,1,6,6,6
6,6,6,6,5,6,6,6,6,6,5,0,5,6,6,6
6,6,6,6,2,6,6,6,0,1,4,6,0,6,6,6
5,1,0,5,5,1,5,0,5,6,6,6,5,6,6,6
6,6,6,6,1,6,6,6,6,6,6,6,3,6,6,6
6,6,6,6,3,5,0,5,1,5,5,0,1,6,6,6
6,6,6,6,6,6,6,6,6,6,5,6,6,6,6,6
6,6,6,6,6,6,6,6,6,6,0,6,6,6,6,6
6,6,6,6,6,6,6,6,6,6,5,6,6,6,6,6
STATION:4,8:高田馬場|学生食堂,300,0.2|レトロ雀荘,500,0.15|専門学校,2000,0.08|BIGBOX,4000,0.2|waseda,100000,0.1
STATION:5,12:渋谷|ハチ公像,1000,0.05|スクランブル交差点,5000,0.1|ITベンチャー,6000,0.15|ファッションビル,8000,0.08
STATION:12,10:新橋|ガード下立ち飲み,500,0.3|SL広場,1000,0.05|キー局テレビ局,10000,0.08
STATION:10,12:品川|アクアパーク,4000,0.1|新幹線改札,8000,0.1|高層ホテル群,10000,0.08
STATION:10,13:大井町|東小路飲み屋街,800,0.2|劇団ミュージカル,3000,0.1
STATION:8,10:飯田橋|神楽坂の料亭,2000,0.1|東京ドーム(近),8000,0.1
STATION:6,10:四ツ谷|上智キャンパス,3000,0.08|赤坂迎賓館,5000,0.05
STATION:0,10:荻窪|醤油ラーメン屋,500,0.2|日帰り温泉施設,1500,0.1
STATION:9,12:大崎|シンクタンク,5000,0.1|ゲートシティ,8000,0.08
STATION:3,10:中野|サブカルショップ,1000,0.15|中野ブロードウェイ,3000,0.12
STATION:4,10:新宿|老舗デパート,6000,0.08|歌舞伎町ネオン,8000,0.15|巨大ターミナル,10000,0.1|都庁ビル,15000,0.05
STATION:7,12:目黒|サンマ祭り会場,500,0.2|目黒雅叙園,5000,0.08
STATION:10,4:日暮里|夕やけだんだん,800,0.1|繊維問屋街,1000,0.1
STATION:15,6:錦糸町|有名サウナ,1500,0.15|駅前商業施設,4000,0.1
STATION:10,15:蒲田|羽根つき餃子屋,500,0.25|黒湯温泉,1000,0.15
STATION:12,8:東京|八重洲地下街,5000,0.1|赤レンガ駅舎,10000,0.05|高級ホテル,15000,0.05|丸の内オフィス,20000,0.08
STATION:6,1:赤羽|赤羽一番街,1000,0.1|巨大団地,3000,0.05
STATION:4,4:池袋|豚骨ラーメン屋,500,0.2|サンシャイン,8000,0.08|巨大デパート,5000,0.1
STATION:12,6:秋葉原|メイド喫茶,1000,0.2|PCパーツ屋,2000,0.15|巨大家電量販店,4000,0.1
STATION:10,8:御茶ノ水|巨大楽器店,1500,0.15|スポーツ用品店,2000,0.1|有名大学キャンパス,3000,0.05
STATION:8,2:王子|飛鳥山公園,800,0.1|製紙工場,2000,0.08
STATION:6,4:巣鴨|塩大福屋,300,0.2|とげぬき地蔵,1000,0.1|赤パンツ専門店,500,0.15
STATION:12,4:上野|アメ横商店街,2000,0.15|国立美術館,3000,0.05|上野動物園,5000,0.1
